Name,Email,Image,,role,parents mail
Prajeesh,cb_prajeesh@cb.amrita.edu,images/prajeesh.jpg,,student,stevenmhokesh080805@gmail.com
Mhokesh,mhokesh008@gmail.com,images/mhokesh.jpg,,staff,
Mathan,cb.sc.u4aie23319@cb.students.amrita.edu,images/mathan.jpg,,student,mathanaguru18@gmail.com
Nithin,cb.sc.u4aie23326@cb.students.amrita.edu,images/nithin.jpg,,student,nithinpranav3010@gmail.com
Akhil,cb.sc.u4aie23317@cb.students.amrita.edu,images/akhil.jpg,,student,Akhilkrishnaqwerty@gmail.com
Koushik,cb.sc.u4aie23312@cb.students.amrita.edu,images/koushik.jpg,,student,Kkoushik096@gmail.com
Kiran,cb.sc.u4aie23307@cb.students.amrita.edu,images/kiran.jpg,,student,kirankishorevenkat@gmail.com
Kishore,cb.sc.u4aie23139@cb.students.amrita.edu,images/kishore.jpg,,student,kishorebalajisivani@gmail.com
